﻿<?xml version="1.0" encoding="UTF-8"?>
<KLBTextureEditor_Plugin id="5e70d8c4-aae1-4651-8189-6b5848deaf48">
  <ProjectPropertyModel>
    <Version>0.1.0</Version>
    <ProjectFile>texture.xml</ProjectFile>
    <ProjectFileRelativeDir />
    <SaveDate>2012-08-09T17:50:49</SaveDate>
  </ProjectPropertyModel>
  <ContainerPropertyModel>
    <Width>64</Width>
    <Height>64</Height>
    <PixelFormat>RGBA4444</PixelFormat>
  </ContainerPropertyModel>
  <ArrayOfTextureModel>
    <TextureModel>
      <Pos>
        <X>0</X>
        <Y>0</Y>
      </Pos>
      <Id>0</Id>
      <Name>TileA.png</Name>
      <IsFlipX>false</IsFlipX>
      <IsFlipY>false</IsFlipY>
      <IsSwitchXY>false</IsSwitchXY>
      <ImgPathName>TileA.png</ImgPathName>
      <ZOrder>0</ZOrder>
    </TextureModel>
    <TextureModel>
      <Pos>
        <X>24</X>
        <Y>0</Y>
      </Pos>
      <Id>0</Id>
      <Name>TileB.png</Name>
      <IsFlipX>false</IsFlipX>
      <IsFlipY>false</IsFlipY>
      <IsSwitchXY>false</IsSwitchXY>
      <ImgPathName>TileB.png</ImgPathName>
      <ZOrder>0</ZOrder>
    </TextureModel>
    <TextureModel>
      <Pos>
        <X>48</X>
        <Y>0</Y>
      </Pos>
      <Id>0</Id>
      <Name>TileC.png</Name>
      <IsFlipX>false</IsFlipX>
      <IsFlipY>false</IsFlipY>
      <IsSwitchXY>false</IsSwitchXY>
      <ImgPathName>TileC.png</ImgPathName>
      <ZOrder>0</ZOrder>
    </TextureModel>
  </ArrayOfTextureModel>
</KLBTextureEditor_Plugin>