﻿<?xml version="1.0" encoding="UTF-8"?>
<KLBTextureEditor_Plugin id="971de3b7-f8d8-410c-82c3-81e096be06ac">
  <ProjectPropertyModel>
    <Version>0.1.0</Version>
    <ProjectFile>texture.xml</ProjectFile>
    <ProjectFileRelativeDir />
    <SaveDate>2012-07-31T11:59:40</SaveDate>
  </ProjectPropertyModel>
  <ContainerPropertyModel>
    <Width>256</Width>
    <Height>128</Height>
    <PixelFormat>RGBA8888</PixelFormat>
  </ContainerPropertyModel>
  <ArrayOfTextureModel>
    <TextureModel>
      <Pos>
        <X>208</X>
        <Y>16</Y>
      </Pos>
      <Id>0</Id>
      <Name>Horiz2.png</Name>
      <IsFlipX>false</IsFlipX>
      <IsFlipY>false</IsFlipY>
      <IsSwitchXY>true</IsSwitchXY>
      <ImgPathName>Horiz2.png</ImgPathName>
      <ZOrder>0</ZOrder>
    </TextureModel>
    <TextureModel>
      <Pos>
        <X>96</X>
        <Y>64</Y>
      </Pos>
      <Id>0</Id>
      <Name>Vert2.png</Name>
      <IsFlipX>false</IsFlipX>
      <IsFlipY>false</IsFlipY>
      <IsSwitchXY>true</IsSwitchXY>
      <ImgPathName>Vert2.png</ImgPathName>
      <ZOrder>0</ZOrder>
    </TextureModel>
    <TextureModel>
      <Pos>
        <X>91</X>
        <Y>0</Y>
      </Pos>
      <Id>0</Id>
      <Name>Vert.png</Name>
      <IsFlipX>false</IsFlipX>
      <IsFlipY>false</IsFlipY>
      <IsSwitchXY>true</IsSwitchXY>
      <ImgPathName>Vert.png</ImgPathName>
      <ZOrder>0</ZOrder>
    </TextureModel>
    <TextureModel>
      <Pos>
        <X>0</X>
        <Y>0</Y>
      </Pos>
      <Id>0</Id>
      <Name>Horiz.png</Name>
      <IsFlipX>false</IsFlipX>
      <IsFlipY>false</IsFlipY>
      <IsSwitchXY>true</IsSwitchXY>
      <ImgPathName>Horiz.png</ImgPathName>
      <ZOrder>0</ZOrder>
    </TextureModel>
  </ArrayOfTextureModel>
</KLBTextureEditor_Plugin>