﻿<?xml version="1.0" encoding="utf-8"?>
<KLBImageEditor_Plugin id="7306defe-897b-48c6-89ac-d27d6330e61e">
  <ProjectPropertyModel>
    <Version>0.1.0</Version>
    <ProjectFile>AREA0001_BG.png.xml</ProjectFile>
    <ProjectFileRelativeDir>assets/</ProjectFileRelativeDir>
    <SaveDate>2013-09-25T12:45:45</SaveDate>
    <EditState>false</EditState>
    <VisibleImage>false</VisibleImage>
    <VisiblePolygon>false</VisiblePolygon>
    <VisibleMask>false</VisibleMask>
    <VisibleBoundBox>false</VisibleBoundBox>
    <VisibleGrid>false</VisibleGrid>
    <VisibleProperty>false</VisibleProperty>
  </ProjectPropertyModel>
  <ContainerPropertyModel />
  <ImageModel>
    <isAdditive>false</isAdditive>
    <ImgFileSize>12349</ImgFileSize>
    <ImgFileDate>2013/08/26 12:47:44</ImgFileDate>
    <ImgPathName>assets/AREA0001_BG.png</ImgPathName>
    <PriorityOffset>0</PriorityOffset>
    <ImageType>Default</ImageType>
    <ImageTypeParams />
    <VerticesClockwise>true</VerticesClockwise>
    <Center>
      <X>0</X>
      <Y>0</Y>
    </Center>
    <Width>960</Width>
    <Height>540</Height>
    <VertexPostProcessMode>0</VertexPostProcessMode>
    <BoundingBox>
      <Location>
        <X>0</X>
        <Y>0</Y>
      </Location>
      <Size>
        <Width>960</Width>
        <Height>540</Height>
      </Size>
      <X>0</X>
      <Y>0</Y>
      <Width>960</Width>
      <Height>540</Height>
    </BoundingBox>
    <Vertices>
      <PointF>
        <X>0</X>
        <Y>0</Y>
      </PointF>
      <PointF>
        <X>960</X>
        <Y>0</Y>
      </PointF>
      <PointF>
        <X>960</X>
        <Y>540</Y>
      </PointF>
      <PointF>
        <X>0</X>
        <Y>540</Y>
      </PointF>
    </Vertices>
    <Indices>AAECAw==</Indices>
    <ImgAlphaType>TYPE_ALPHA_8BIT</ImgAlphaType>
    <MaskCompress>true</MaskCompress>
    <MaskX>0</MaskX>
    <MaskY>0</MaskY>
    <MaskWidth>960</MaskWidth>
    <MaskHeight>540</MaskHeight>
    <Mask>//8B//8B//8B//8B//8B//8B//8B6QcB</Mask>
  </ImageModel>
</KLBImageEditor_Plugin>