﻿<?xml version="1.0" encoding="utf-8"?>
<KLBImageEditor_Plugin id="678e1e7e-6368-4ba6-9816-deff9a5d2f9a">
  <ProjectPropertyModel>
    <Version>0.1.0</Version>
    <ProjectFile>AVATER0006.png.xml</ProjectFile>
    <ProjectFileRelativeDir>assets/</ProjectFileRelativeDir>
    <SaveDate>2013-09-25T12:45:45</SaveDate>
    <EditState>false</EditState>
    <VisibleImage>false</VisibleImage>
    <VisiblePolygon>false</VisiblePolygon>
    <VisibleMask>false</VisibleMask>
    <VisibleBoundBox>false</VisibleBoundBox>
    <VisibleGrid>false</VisibleGrid>
    <VisibleProperty>false</VisibleProperty>
  </ProjectPropertyModel>
  <ContainerPropertyModel />
  <ImageModel>
    <isAdditive>false</isAdditive>
    <ImgFileSize>20866</ImgFileSize>
    <ImgFileDate>2013/08/26 12:54:30</ImgFileDate>
    <ImgPathName>assets/AVATER0006.png</ImgPathName>
    <PriorityOffset>0</PriorityOffset>
    <ImageType>Default</ImageType>
    <ImageTypeParams />
    <VerticesClockwise>true</VerticesClockwise>
    <Center>
      <X>0</X>
      <Y>0</Y>
    </Center>
    <Width>80</Width>
    <Height>165</Height>
    <VertexPostProcessMode>0</VertexPostProcessMode>
    <BoundingBox>
      <Location>
        <X>0</X>
        <Y>0</Y>
      </Location>
      <Size>
        <Width>80</Width>
        <Height>165</Height>
      </Size>
      <X>0</X>
      <Y>0</Y>
      <Width>80</Width>
      <Height>165</Height>
    </BoundingBox>
    <Vertices>
      <PointF>
        <X>0</X>
        <Y>0</Y>
      </PointF>
      <PointF>
        <X>80</X>
        <Y>0</Y>
      </PointF>
      <PointF>
        <X>80</X>
        <Y>165</Y>
      </PointF>
      <PointF>
        <X>0</X>
        <Y>165</Y>
      </PointF>
    </Vertices>
    <Indices>AAECAw==</Indices>
    <ImgAlphaType>TYPE_ALPHA_8BIT</ImgAlphaType>
    <MaskCompress>true</MaskCompress>
    <MaskX>0</MaskX>
    <MaskY>0</MaskY>
    <MaskWidth>80</MaskWidth>
    <MaskHeight>165</MaskHeight>
    <Mask>M5AB</Mask>
  </ImageModel>
</KLBImageEditor_Plugin>