﻿<?xml version="1.0" encoding="utf-8"?>
<KLBTextureEditor_Plugin id="e96bdc26-d016-464e-8b7b-b9a6b2ea7f75">
  <ProjectPropertyModel>
    <Version>0.1.0</Version>
    <ProjectFile>avater.xml</ProjectFile>
    <ProjectFileRelativeDir>assets/</ProjectFileRelativeDir>
    <SaveDate>2013-09-25T15:27:11</SaveDate>
    <EditState>true</EditState>
    <ContainerScale>1</ContainerScale>
    <ContainerSnap>8</ContainerSnap>
    <VisibleGrid>true</VisibleGrid>
    <VisibleBoundaryLine>true</VisibleBoundaryLine>
    <VisibleImage>true</VisibleImage>
    <VisibleMask>false</VisibleMask>
    <VisiblePolygon>false</VisiblePolygon>
    <VisibleProperty>true</VisibleProperty>
    <VisibleBoundBox>false</VisibleBoundBox>
    <VisibleCenterPoint>false</VisibleCenterPoint>
    <Comment />
  </ProjectPropertyModel>
  <ContainerPropertyModel>
    <Width>512</Width>
    <Height>512</Height>
    <PixelFormat>RGBA8888</PixelFormat>
    <usePremultiply>false</usePremultiply>
  </ContainerPropertyModel>
  <ArrayOfTextureModel>
    <TextureModel>
      <Pos>
        <X>0</X>
        <Y>168</Y>
      </Pos>
      <Id>0</Id>
      <Name>AVATER0005.png</Name>
      <IsFlipX>false</IsFlipX>
      <IsFlipY>false</IsFlipY>
      <IsSwitchXY>false</IsSwitchXY>
      <ImgPathName>assets/AVATER0005.png</ImgPathName>
      <ZOrder>0</ZOrder>
    </TextureModel>
    <TextureModel>
      <Pos>
        <X>0</X>
        <Y>0</Y>
      </Pos>
      <Id>0</Id>
      <Name>AVATER0001.png</Name>
      <IsFlipX>false</IsFlipX>
      <IsFlipY>false</IsFlipY>
      <IsSwitchXY>false</IsSwitchXY>
      <ImgPathName>assets/AVATER0001.png</ImgPathName>
      <ZOrder>0</ZOrder>
    </TextureModel>
    <TextureModel>
      <Pos>
        <X>82</X>
        <Y>168</Y>
      </Pos>
      <Id>0</Id>
      <Name>AVATER0006.png</Name>
      <IsFlipX>false</IsFlipX>
      <IsFlipY>false</IsFlipY>
      <IsSwitchXY>false</IsSwitchXY>
      <ImgPathName>assets/AVATER0006.png</ImgPathName>
      <ZOrder>0</ZOrder>
    </TextureModel>
    <TextureModel>
      <Pos>
        <X>82</X>
        <Y>0</Y>
      </Pos>
      <Id>0</Id>
      <Name>AVATER0002.png</Name>
      <IsFlipX>false</IsFlipX>
      <IsFlipY>false</IsFlipY>
      <IsSwitchXY>false</IsSwitchXY>
      <ImgPathName>assets/AVATER0002.png</ImgPathName>
      <ZOrder>0</ZOrder>
    </TextureModel>
    <TextureModel>
      <Pos>
        <X>164</X>
        <Y>168</Y>
      </Pos>
      <Id>0</Id>
      <Name>AVATER0007.png</Name>
      <IsFlipX>false</IsFlipX>
      <IsFlipY>false</IsFlipY>
      <IsSwitchXY>false</IsSwitchXY>
      <ImgPathName>assets/AVATER0007.png</ImgPathName>
      <ZOrder>0</ZOrder>
    </TextureModel>
    <TextureModel>
      <Pos>
        <X>164</X>
        <Y>0</Y>
      </Pos>
      <Id>0</Id>
      <Name>AVATER0003.png</Name>
      <IsFlipX>false</IsFlipX>
      <IsFlipY>false</IsFlipY>
      <IsSwitchXY>false</IsSwitchXY>
      <ImgPathName>assets/AVATER0003.png</ImgPathName>
      <ZOrder>0</ZOrder>
    </TextureModel>
    <TextureModel>
      <Pos>
        <X>246</X>
        <Y>168</Y>
      </Pos>
      <Id>0</Id>
      <Name>AVATER0008.png</Name>
      <IsFlipX>false</IsFlipX>
      <IsFlipY>false</IsFlipY>
      <IsSwitchXY>false</IsSwitchXY>
      <ImgPathName>assets/AVATER0008.png</ImgPathName>
      <ZOrder>0</ZOrder>
    </TextureModel>
    <TextureModel>
      <Pos>
        <X>246</X>
        <Y>0</Y>
      </Pos>
      <Id>0</Id>
      <Name>AVATER0004.png</Name>
      <IsFlipX>false</IsFlipX>
      <IsFlipY>false</IsFlipY>
      <IsSwitchXY>false</IsSwitchXY>
      <ImgPathName>assets/AVATER0004.png</ImgPathName>
      <ZOrder>0</ZOrder>
    </TextureModel>
  </ArrayOfTextureModel>
  <ArrayOfT3DModel />
</KLBTextureEditor_Plugin>