﻿<?xml version="1.0" encoding="utf-8"?>
<KLBTextureEditor_Plugin id="11530f04-0bab-48a9-aa9f-71c4f2ea68a0">
  <ProjectPropertyModel>
    <Version>0.1.0</Version>
    <ProjectFile>bg.xml</ProjectFile>
    <ProjectFileRelativeDir>assets/</ProjectFileRelativeDir>
    <SaveDate>2013-09-25T15:26:45</SaveDate>
    <EditState>true</EditState>
    <ContainerScale>1</ContainerScale>
    <ContainerSnap>8</ContainerSnap>
    <VisibleGrid>true</VisibleGrid>
    <VisibleBoundaryLine>true</VisibleBoundaryLine>
    <VisibleImage>true</VisibleImage>
    <VisibleMask>false</VisibleMask>
    <VisiblePolygon>false</VisiblePolygon>
    <VisibleProperty>true</VisibleProperty>
    <VisibleBoundBox>false</VisibleBoundBox>
    <VisibleCenterPoint>false</VisibleCenterPoint>
    <Comment />
  </ProjectPropertyModel>
  <ContainerPropertyModel>
    <Width>2048</Width>
    <Height>2048</Height>
    <PixelFormat>RGBA8888</PixelFormat>
    <usePremultiply>false</usePremultiply>
  </ContainerPropertyModel>
  <ArrayOfTextureModel>
    <TextureModel>
      <Pos>
        <X>0</X>
        <Y>0</Y>
      </Pos>
      <Id>0</Id>
      <Name>bg_00.png</Name>
      <IsFlipX>false</IsFlipX>
      <IsFlipY>false</IsFlipY>
      <IsSwitchXY>false</IsSwitchXY>
      <ImgPathName>assets/bg_00.png</ImgPathName>
      <ZOrder>0</ZOrder>
    </TextureModel>
    <TextureModel>
      <Pos>
        <X>0</X>
        <Y>642</Y>
      </Pos>
      <Id>0</Id>
      <Name>bg_02.png</Name>
      <IsFlipX>false</IsFlipX>
      <IsFlipY>false</IsFlipY>
      <IsSwitchXY>false</IsSwitchXY>
      <ImgPathName>assets/bg_02.png</ImgPathName>
      <ZOrder>0</ZOrder>
    </TextureModel>
  </ArrayOfTextureModel>
  <ArrayOfT3DModel />
</KLBTextureEditor_Plugin>