﻿<?xml version="1.0" encoding="utf-8"?>
<KLBImageEditor_Plugin id="4c7b1565-2917-4a3a-8504-91224f231c5f">
  <ProjectPropertyModel>
    <Version>0.1.0</Version>
    <ProjectFile>bg_02.png.xml</ProjectFile>
    <ProjectFileRelativeDir>assets/</ProjectFileRelativeDir>
    <SaveDate>2013-09-25T12:45:45</SaveDate>
    <EditState>false</EditState>
    <VisibleImage>false</VisibleImage>
    <VisiblePolygon>false</VisiblePolygon>
    <VisibleMask>false</VisibleMask>
    <VisibleBoundBox>false</VisibleBoundBox>
    <VisibleGrid>false</VisibleGrid>
    <VisibleProperty>false</VisibleProperty>
  </ProjectPropertyModel>
  <ContainerPropertyModel />
  <ImageModel>
    <isAdditive>false</isAdditive>
    <ImgFileSize>1035444</ImgFileSize>
    <ImgFileDate>2013/08/26 13:10:56</ImgFileDate>
    <ImgPathName>assets/bg_02.png</ImgPathName>
    <PriorityOffset>0</PriorityOffset>
    <ImageType>Default</ImageType>
    <ImageTypeParams />
    <VerticesClockwise>true</VerticesClockwise>
    <Center>
      <X>0</X>
      <Y>0</Y>
    </Center>
    <Width>960</Width>
    <Height>640</Height>
    <VertexPostProcessMode>0</VertexPostProcessMode>
    <BoundingBox>
      <Location>
        <X>0</X>
        <Y>0</Y>
      </Location>
      <Size>
        <Width>960</Width>
        <Height>640</Height>
      </Size>
      <X>0</X>
      <Y>0</Y>
      <Width>960</Width>
      <Height>640</Height>
    </BoundingBox>
    <Vertices>
      <PointF>
        <X>0</X>
        <Y>0</Y>
      </PointF>
      <PointF>
        <X>960</X>
        <Y>0</Y>
      </PointF>
      <PointF>
        <X>960</X>
        <Y>640</Y>
      </PointF>
      <PointF>
        <X>0</X>
        <Y>640</Y>
      </PointF>
    </Vertices>
    <Indices>AAECAw==</Indices>
    <ImgAlphaType>TYPE_ALPHA_8BIT</ImgAlphaType>
    <MaskCompress>true</MaskCompress>
    <MaskX>0</MaskX>
    <MaskY>0</MaskY>
    <MaskWidth>960</MaskWidth>
    <MaskHeight>640</MaskHeight>
    <Mask>//8B//8B//8B//8B//8B//8B//8B//8B//8BYAkB</Mask>
  </ImageModel>
</KLBImageEditor_Plugin>