﻿<?xml version="1.0" encoding="utf-8"?>
<KLBImageEditor_Plugin id="c5f6c1af-b6af-43cb-a0fd-bce510ea58db">
  <ProjectPropertyModel>
    <Version>0.1.0</Version>
    <ProjectFile>BTN_Send_comment_off.png.xml</ProjectFile>
    <ProjectFileRelativeDir>assets/</ProjectFileRelativeDir>
    <SaveDate>2013-09-25T12:45:45</SaveDate>
    <EditState>false</EditState>
    <VisibleImage>false</VisibleImage>
    <VisiblePolygon>false</VisiblePolygon>
    <VisibleMask>false</VisibleMask>
    <VisibleBoundBox>false</VisibleBoundBox>
    <VisibleGrid>false</VisibleGrid>
    <VisibleProperty>false</VisibleProperty>
  </ProjectPropertyModel>
  <ContainerPropertyModel />
  <ImageModel>
    <isAdditive>false</isAdditive>
    <ImgFileSize>4486</ImgFileSize>
    <ImgFileDate>2013/08/26 13:28:46</ImgFileDate>
    <ImgPathName>assets/BTN_Send_comment_off.png</ImgPathName>
    <PriorityOffset>0</PriorityOffset>
    <ImageType>Default</ImageType>
    <ImageTypeParams />
    <VerticesClockwise>true</VerticesClockwise>
    <Center>
      <X>0</X>
      <Y>0</Y>
    </Center>
    <Width>256</Width>
    <Height>128</Height>
    <VertexPostProcessMode>0</VertexPostProcessMode>
    <BoundingBox>
      <Location>
        <X>0</X>
        <Y>0</Y>
      </Location>
      <Size>
        <Width>256</Width>
        <Height>128</Height>
      </Size>
      <X>0</X>
      <Y>0</Y>
      <Width>256</Width>
      <Height>128</Height>
    </BoundingBox>
    <Vertices>
      <PointF>
        <X>0</X>
        <Y>0</Y>
      </PointF>
      <PointF>
        <X>256</X>
        <Y>0</Y>
      </PointF>
      <PointF>
        <X>256</X>
        <Y>128</Y>
      </PointF>
      <PointF>
        <X>0</X>
        <Y>128</Y>
      </PointF>
    </Vertices>
    <Indices>AAECAw==</Indices>
    <ImgAlphaType>TYPE_ALPHA_8BIT</ImgAlphaType>
    <MaskCompress>true</MaskCompress>
    <MaskX>0</MaskX>
    <MaskY>0</MaskY>
    <MaskWidth>256</MaskWidth>
    <MaskHeight>128</MaskHeight>
    <Mask>gAAB</Mask>
  </ImageModel>
</KLBImageEditor_Plugin>