﻿<?xml version="1.0" encoding="utf-8"?>
<KLBImageEditor_Plugin id="bdd23dc4-5610-4d18-a2b7-a742e385af3c">
  <ProjectPropertyModel>
    <Version>0.1.0</Version>
    <ProjectFile>CARD0001.png.xml</ProjectFile>
    <ProjectFileRelativeDir>assets/</ProjectFileRelativeDir>
    <SaveDate>2013-09-25T12:45:46</SaveDate>
    <EditState>false</EditState>
    <VisibleImage>false</VisibleImage>
    <VisiblePolygon>false</VisiblePolygon>
    <VisibleMask>false</VisibleMask>
    <VisibleBoundBox>false</VisibleBoundBox>
    <VisibleGrid>false</VisibleGrid>
    <VisibleProperty>false</VisibleProperty>
  </ProjectPropertyModel>
  <ContainerPropertyModel />
  <ImageModel>
    <isAdditive>false</isAdditive>
    <ImgFileSize>62673</ImgFileSize>
    <ImgFileDate>2013/08/26 13:17:38</ImgFileDate>
    <ImgPathName>assets/CARD0001.png</ImgPathName>
    <PriorityOffset>0</PriorityOffset>
    <ImageType>Default</ImageType>
    <ImageTypeParams />
    <VerticesClockwise>true</VerticesClockwise>
    <Center>
      <X>0</X>
      <Y>0</Y>
    </Center>
    <Width>240</Width>
    <Height>330</Height>
    <VertexPostProcessMode>0</VertexPostProcessMode>
    <BoundingBox>
      <Location>
        <X>0</X>
        <Y>0</Y>
      </Location>
      <Size>
        <Width>240</Width>
        <Height>330</Height>
      </Size>
      <X>0</X>
      <Y>0</Y>
      <Width>240</Width>
      <Height>330</Height>
    </BoundingBox>
    <Vertices>
      <PointF>
        <X>0</X>
        <Y>0</Y>
      </PointF>
      <PointF>
        <X>240</X>
        <Y>0</Y>
      </PointF>
      <PointF>
        <X>240</X>
        <Y>330</Y>
      </PointF>
      <PointF>
        <X>0</X>
        <Y>330</Y>
      </PointF>
    </Vertices>
    <Indices>AAECAw==</Indices>
    <ImgAlphaType>TYPE_ALPHA_8BIT</ImgAlphaType>
    <MaskCompress>true</MaskCompress>
    <MaskX>0</MaskX>
    <MaskY>0</MaskY>
    <MaskWidth>240</MaskWidth>
    <MaskHeight>330</MaskHeight>
    <Mask>//8BNWEB</Mask>
  </ImageModel>
</KLBImageEditor_Plugin>