﻿<?xml version="1.0" encoding="UTF-8"?>
<KLBTextureEditor_Plugin id="51b8fe7b-c5b5-46dc-aa36-4a0d1793937e">
  <ProjectPropertyModel>
    <Version>0.1.0</Version>
    <ProjectFile>RBtex.xml</ProjectFile>
    <ProjectFileRelativeDir />
    <SaveDate>2012-06-29T14:09:51</SaveDate>
  </ProjectPropertyModel>
  <ContainerPropertyModel>
    <Width>256</Width>
    <Height>64</Height>
    <PixelFormat>RGBA4444</PixelFormat>
  </ContainerPropertyModel>
  <ArrayOfTextureModel>
    <TextureModel>
      <Pos>
        <X>0</X>
        <Y>0</Y>
      </Pos>
      <Id>0</Id>
      <Name>origin.png</Name>
      <IsFlipX>false</IsFlipX>
      <IsFlipY>false</IsFlipY>
      <IsSwitchXY>false</IsSwitchXY>
      <ImgPathName>origin.png</ImgPathName>
      <ZOrder>0</ZOrder>
    </TextureModel>
    <TextureModel>
      <Pos>
        <X>72</X>
        <Y>0</Y>
      </Pos>
      <Id>0</Id>
      <Name>point.png</Name>
      <IsFlipX>false</IsFlipX>
      <IsFlipY>false</IsFlipY>
      <IsSwitchXY>false</IsSwitchXY>
      <ImgPathName>point.png</ImgPathName>
      <ZOrder>0</ZOrder>
    </TextureModel>
    <TextureModel>
      <Pos>
        <X>152</X>
        <Y>16</Y>
      </Pos>
      <Id>0</Id>
      <Name>joint.png</Name>
      <IsFlipX>false</IsFlipX>
      <IsFlipY>false</IsFlipY>
      <IsSwitchXY>false</IsSwitchXY>
      <ImgPathName>joint.png</ImgPathName>
      <ZOrder>0</ZOrder>
    </TextureModel>
  </ArrayOfTextureModel>
</KLBTextureEditor_Plugin>