﻿<?xml version="1.0" encoding="utf-8"?>
<KLBImageEditor_Plugin id="dfbe2908-b535-49bd-b0c6-91e688e7e823">
  <ProjectPropertyModel>
    <Version>0.1.0</Version>
    <ProjectFile>Score-6.png.xml</ProjectFile>
    <ProjectFileRelativeDir />
    <SaveDate>2013-09-25T15:18:03</SaveDate>
    <EditState>false</EditState>
    <VisibleImage>false</VisibleImage>
    <VisiblePolygon>false</VisiblePolygon>
    <VisibleMask>false</VisibleMask>
    <VisibleBoundBox>false</VisibleBoundBox>
    <VisibleGrid>false</VisibleGrid>
    <VisibleProperty>false</VisibleProperty>
  </ProjectPropertyModel>
  <ContainerPropertyModel />
  <ImageModel>
    <isAdditive>false</isAdditive>
    <ImgFileSize>470</ImgFileSize>
    <ImgFileDate>2013/08/26 12:18:56</ImgFileDate>
    <ImgPathName>Score-6.png</ImgPathName>
    <PriorityOffset>0</PriorityOffset>
    <ImageType>Default</ImageType>
    <ImageTypeParams />
    <VerticesClockwise>true</VerticesClockwise>
    <Center>
      <X>0</X>
      <Y>0</Y>
    </Center>
    <Width>32</Width>
    <Height>32</Height>
    <VertexPostProcessMode>0</VertexPostProcessMode>
    <BoundingBox>
      <Location>
        <X>0</X>
        <Y>0</Y>
      </Location>
      <Size>
        <Width>32</Width>
        <Height>32</Height>
      </Size>
      <X>0</X>
      <Y>0</Y>
      <Width>32</Width>
      <Height>32</Height>
    </BoundingBox>
    <Vertices>
      <PointF>
        <X>0</X>
        <Y>0</Y>
      </PointF>
      <PointF>
        <X>32</X>
        <Y>0</Y>
      </PointF>
      <PointF>
        <X>32</X>
        <Y>32</Y>
      </PointF>
      <PointF>
        <X>0</X>
        <Y>32</Y>
      </PointF>
    </Vertices>
    <Indices>AAECAw==</Indices>
    <ImgAlphaType>TYPE_ALPHA_8BIT</ImgAlphaType>
    <MaskCompress>true</MaskCompress>
    <MaskX>0</MaskX>
    <MaskY>0</MaskY>
    <MaskWidth>32</MaskWidth>
    <MaskHeight>32</MaskHeight>
    <Mask>BAAB</Mask>
  </ImageModel>
</KLBImageEditor_Plugin>