﻿<?xml version="1.0" encoding="utf-8"?>
<KLBTextureEditor_Plugin id="feb7b39a-c64f-4123-aff5-80a922c95ab4">
  <ProjectPropertyModel>
    <Version>0.1.0</Version>
    <ProjectFile>scoreTexture.xml</ProjectFile>
    <ProjectFileRelativeDir />
    <SaveDate>2013-09-25T15:19:24</SaveDate>
    <EditState>true</EditState>
    <ContainerScale>1</ContainerScale>
    <ContainerSnap>8</ContainerSnap>
    <VisibleGrid>true</VisibleGrid>
    <VisibleBoundaryLine>true</VisibleBoundaryLine>
    <VisibleImage>true</VisibleImage>
    <VisibleMask>false</VisibleMask>
    <VisiblePolygon>false</VisiblePolygon>
    <VisibleProperty>true</VisibleProperty>
    <VisibleBoundBox>false</VisibleBoundBox>
    <VisibleCenterPoint>false</VisibleCenterPoint>
    <Comment />
  </ProjectPropertyModel>
  <ContainerPropertyModel>
    <Width>512</Width>
    <Height>32</Height>
    <PixelFormat>RGBA4444</PixelFormat>
    <usePremultiply>false</usePremultiply>
  </ContainerPropertyModel>
  <ArrayOfTextureModel>
    <TextureModel>
      <Pos>
        <X>0</X>
        <Y>0</Y>
      </Pos>
      <Id>0</Id>
      <Name>Score-0.png</Name>
      <IsFlipX>false</IsFlipX>
      <IsFlipY>false</IsFlipY>
      <IsSwitchXY>false</IsSwitchXY>
      <ImgPathName>Score-0.png</ImgPathName>
      <ZOrder>0</ZOrder>
    </TextureModel>
    <TextureModel>
      <Pos>
        <X>34</X>
        <Y>0</Y>
      </Pos>
      <Id>0</Id>
      <Name>Score-1.png</Name>
      <IsFlipX>false</IsFlipX>
      <IsFlipY>false</IsFlipY>
      <IsSwitchXY>false</IsSwitchXY>
      <ImgPathName>Score-1.png</ImgPathName>
      <ZOrder>0</ZOrder>
    </TextureModel>
    <TextureModel>
      <Pos>
        <X>68</X>
        <Y>0</Y>
      </Pos>
      <Id>0</Id>
      <Name>Score-2.png</Name>
      <IsFlipX>false</IsFlipX>
      <IsFlipY>false</IsFlipY>
      <IsSwitchXY>false</IsSwitchXY>
      <ImgPathName>Score-2.png</ImgPathName>
      <ZOrder>0</ZOrder>
    </TextureModel>
    <TextureModel>
      <Pos>
        <X>102</X>
        <Y>0</Y>
      </Pos>
      <Id>0</Id>
      <Name>Score-3.png</Name>
      <IsFlipX>false</IsFlipX>
      <IsFlipY>false</IsFlipY>
      <IsSwitchXY>false</IsSwitchXY>
      <ImgPathName>Score-3.png</ImgPathName>
      <ZOrder>0</ZOrder>
    </TextureModel>
    <TextureModel>
      <Pos>
        <X>136</X>
        <Y>0</Y>
      </Pos>
      <Id>0</Id>
      <Name>Score-4.png</Name>
      <IsFlipX>false</IsFlipX>
      <IsFlipY>false</IsFlipY>
      <IsSwitchXY>false</IsSwitchXY>
      <ImgPathName>Score-4.png</ImgPathName>
      <ZOrder>0</ZOrder>
    </TextureModel>
    <TextureModel>
      <Pos>
        <X>170</X>
        <Y>0</Y>
      </Pos>
      <Id>0</Id>
      <Name>Score-5.png</Name>
      <IsFlipX>false</IsFlipX>
      <IsFlipY>false</IsFlipY>
      <IsSwitchXY>false</IsSwitchXY>
      <ImgPathName>Score-5.png</ImgPathName>
      <ZOrder>0</ZOrder>
    </TextureModel>
    <TextureModel>
      <Pos>
        <X>204</X>
        <Y>0</Y>
      </Pos>
      <Id>0</Id>
      <Name>Score-6.png</Name>
      <IsFlipX>false</IsFlipX>
      <IsFlipY>false</IsFlipY>
      <IsSwitchXY>false</IsSwitchXY>
      <ImgPathName>Score-6.png</ImgPathName>
      <ZOrder>0</ZOrder>
    </TextureModel>
    <TextureModel>
      <Pos>
        <X>272</X>
        <Y>0</Y>
      </Pos>
      <Id>0</Id>
      <Name>Score-8.png</Name>
      <IsFlipX>false</IsFlipX>
      <IsFlipY>false</IsFlipY>
      <IsSwitchXY>false</IsSwitchXY>
      <ImgPathName>Score-8.png</ImgPathName>
      <ZOrder>0</ZOrder>
    </TextureModel>
    <TextureModel>
      <Pos>
        <X>306</X>
        <Y>0</Y>
      </Pos>
      <Id>0</Id>
      <Name>Score-9.png</Name>
      <IsFlipX>false</IsFlipX>
      <IsFlipY>false</IsFlipY>
      <IsSwitchXY>false</IsSwitchXY>
      <ImgPathName>Score-9.png</ImgPathName>
      <ZOrder>0</ZOrder>
    </TextureModel>
    <TextureModel>
      <Pos>
        <X>238</X>
        <Y>0</Y>
      </Pos>
      <Id>0</Id>
      <Name>Score-7.png</Name>
      <IsFlipX>false</IsFlipX>
      <IsFlipY>false</IsFlipY>
      <IsSwitchXY>false</IsSwitchXY>
      <ImgPathName>Score-7.png</ImgPathName>
      <ZOrder>0</ZOrder>
    </TextureModel>
  </ArrayOfTextureModel>
  <ArrayOfT3DModel />
</KLBTextureEditor_Plugin>