﻿<?xml version="1.0" encoding="utf-8"?>
<KLBTextureEditor_Plugin id="444a9265-7281-42f4-a882-abcade214dc3">
  <ProjectPropertyModel>
    <Version>0.1.0</Version>
    <ProjectFile>texture.xml</ProjectFile>
    <ProjectFileRelativeDir>assets/</ProjectFileRelativeDir>
    <SaveDate>2013-09-25T15:30:18</SaveDate>
    <EditState>true</EditState>
    <ContainerScale>1</ContainerScale>
    <ContainerSnap>8</ContainerSnap>
    <VisibleGrid>true</VisibleGrid>
    <VisibleBoundaryLine>true</VisibleBoundaryLine>
    <VisibleImage>true</VisibleImage>
    <VisibleMask>false</VisibleMask>
    <VisiblePolygon>false</VisiblePolygon>
    <VisibleProperty>true</VisibleProperty>
    <VisibleBoundBox>false</VisibleBoundBox>
    <VisibleCenterPoint>false</VisibleCenterPoint>
    <Comment />
  </ProjectPropertyModel>
  <ContainerPropertyModel>
    <Width>512</Width>
    <Height>512</Height>
    <PixelFormat>RGBA8888</PixelFormat>
    <usePremultiply>false</usePremultiply>
  </ContainerPropertyModel>
  <ArrayOfTextureModel>
    <TextureModel>
      <Pos>
        <X>0</X>
        <Y>0</Y>
      </Pos>
      <Id>0</Id>
      <Name>Horiz.png</Name>
      <IsFlipX>false</IsFlipX>
      <IsFlipY>false</IsFlipY>
      <IsSwitchXY>false</IsSwitchXY>
      <ImgPathName>assets/Horiz.png</ImgPathName>
      <ZOrder>0</ZOrder>
    </TextureModel>
    <TextureModel>
      <Pos>
        <X>48</X>
        <Y>0</Y>
      </Pos>
      <Id>0</Id>
      <Name>Horiz2.png</Name>
      <IsFlipX>false</IsFlipX>
      <IsFlipY>false</IsFlipY>
      <IsSwitchXY>false</IsSwitchXY>
      <ImgPathName>assets/Horiz2.png</ImgPathName>
      <ZOrder>0</ZOrder>
    </TextureModel>
    <TextureModel>
      <Pos>
        <X>0</X>
        <Y>40</Y>
      </Pos>
      <Id>0</Id>
      <Name>AVATAR0001.png</Name>
      <IsFlipX>false</IsFlipX>
      <IsFlipY>false</IsFlipY>
      <IsSwitchXY>false</IsSwitchXY>
      <ImgPathName>assets/AVATAR0001.png</ImgPathName>
      <ZOrder>0</ZOrder>
    </TextureModel>
    <TextureModel>
      <Pos>
        <X>82</X>
        <Y>40</Y>
      </Pos>
      <Id>0</Id>
      <Name>AVATAR0002.png</Name>
      <IsFlipX>false</IsFlipX>
      <IsFlipY>false</IsFlipY>
      <IsSwitchXY>false</IsSwitchXY>
      <ImgPathName>assets/AVATAR0002.png</ImgPathName>
      <ZOrder>0</ZOrder>
    </TextureModel>
  </ArrayOfTextureModel>
  <ArrayOfT3DModel />
</KLBTextureEditor_Plugin>