﻿<?xml version="1.0" encoding="utf-8"?>
<KLBTextureEditor_Plugin id="b1043e87-6035-477b-bfee-c0ce49d1b535">
  <ProjectPropertyModel>
    <Version>0.1.0</Version>
    <ProjectFile>RBitem.xml</ProjectFile>
    <ProjectFileRelativeDir />
    <SaveDate>2012-10-02T11:47:19</SaveDate>
  </ProjectPropertyModel>
  <ContainerPropertyModel>
    <Width>256</Width>
    <Height>64</Height>
    <PixelFormat>RGBA8888</PixelFormat>
  </ContainerPropertyModel>
  <ArrayOfTextureModel>
    <TextureModel>
      <Pos>
        <X>0</X>
        <Y>0</Y>
      </Pos>
      <Id>0</Id>
      <Name>origin.png</Name>
      <IsFlipX>false</IsFlipX>
      <IsFlipY>false</IsFlipY>
      <IsSwitchXY>false</IsSwitchXY>
      <ImgPathName>origin.png</ImgPathName>
      <ZOrder>0</ZOrder>
    </TextureModel>
    <TextureModel>
      <Pos>
        <X>72</X>
        <Y>0</Y>
      </Pos>
      <Id>0</Id>
      <Name>point.png</Name>
      <IsFlipX>false</IsFlipX>
      <IsFlipY>false</IsFlipY>
      <IsSwitchXY>false</IsSwitchXY>
      <ImgPathName>point.png</ImgPathName>
      <ZOrder>0</ZOrder>
    </TextureModel>
    <TextureModel>
      <Pos>
        <X>144</X>
        <Y>0</Y>
      </Pos>
      <Id>0</Id>
      <Name>joint.png</Name>
      <IsFlipX>false</IsFlipX>
      <IsFlipY>false</IsFlipY>
      <IsSwitchXY>false</IsSwitchXY>
      <ImgPathName>joint.png</ImgPathName>
      <ZOrder>0</ZOrder>
    </TextureModel>
  </ArrayOfTextureModel>
</KLBTextureEditor_Plugin>