﻿<?xml version="1.0" encoding="utf-8"?>
<KLBUIEditor_Plugin id="8ed650cc-ce8e-42d3-b62c-0bb92b3979f1" xmlns:i="http://www.w3.org/2001/XMLSchema-instance">
  <DrawingAllNodesClickableRegion>true</DrawingAllNodesClickableRegion>
  <DrawingFingerNode>false</DrawingFingerNode>
  <DrawingGrid>true</DrawingGrid>
  <DrawingNodeClipRegion>true</DrawingNodeClipRegion>
  <DrawingNodeName>false</DrawingNodeName>
  <FormBounds xmlns:d1p1="http://schemas.datacontract.org/2004/07/System.Drawing">
    <d1p1:height>596</d1p1:height>
    <d1p1:width>803</d1p1:width>
    <d1p1:x>138</d1p1:x>
    <d1p1:y>14</d1p1:y>
  </FormBounds>
  <GridSize>7</GridSize>
  <GuideForFourSplit>false</GuideForFourSplit>
  <GuideForMargin>false</GuideForMargin>
  <GuideForThreeSplit>false</GuideForThreeSplit>
  <LayoutPpi>326</LayoutPpi>
  <LayoutScale>0.5</LayoutScale>
  <LayoutSize xmlns:d1p1="http://schemas.datacontract.org/2004/07/System.Drawing">
    <d1p1:height>640</d1p1:height>
    <d1p1:width>960</d1p1:width>
  </LayoutSize>
  <RootNode>
    <name>root</name>
    <x>0</x>
    <y>0</y>
    <priority>0</priority>
    <sub>
      <UINode>
        <name>task_list1</name>
        <x>21</x>
        <y>21</y>
        <priority>35</priority>
        <class>task_list</class>
        <cliph>500</cliph>
        <clipw>500</clipw>
        <clipend>9999</clipend>
        <width>60</width>
        <height>60</height>
        <_x0040_Publishable>true</_x0040_Publishable>
        <callback>callback</callback>
        <orientation>0</orientation>
        <_x0040_CommonAssets xmlns:d4p1="http://schemas.microsoft.com/2003/10/Serialization/Arrays">
          <d4p1:string>assets/Horiz.png</d4p1:string>
        </_x0040_CommonAssets>
        <align>0</align>
        <_x0040_BezierPoints xmlns:d4p1="http://schemas.datacontract.org/2004/07/SplineEditor">
          <d4p1:BezierPoint>
            <d4p1:ControlPoint xmlns:d6p1="http://schemas.datacontract.org/2004/07/System.Drawing">
              <d6p1:x>7.99996948</d6p1:x>
              <d6p1:y>265.7386</d6p1:y>
            </d4p1:ControlPoint>
            <d4p1:StartPoint xmlns:d6p1="http://schemas.datacontract.org/2004/07/System.Drawing">
              <d6p1:x>3.99997044</d6p1:x>
              <d6p1:y>31.322094</d6p1:y>
            </d4p1:StartPoint>
          </d4p1:BezierPoint>
          <d4p1:BezierPoint>
            <d4p1:ControlPoint xmlns:d6p1="http://schemas.datacontract.org/2004/07/System.Drawing">
              <d6p1:x>429.999969</d6p1:x>
              <d6p1:y>260.244446</d6p1:y>
            </d4p1:ControlPoint>
            <d4p1:StartPoint xmlns:d6p1="http://schemas.datacontract.org/2004/07/System.Drawing">
              <d6p1:x>203.999969</d6p1:x>
              <d6p1:y>265.7386</d6p1:y>
            </d4p1:StartPoint>
          </d4p1:BezierPoint>
          <d4p1:BezierPoint>
            <d4p1:ControlPoint xmlns:d6p1="http://schemas.datacontract.org/2004/07/System.Drawing">
              <d6p1:x>189.999969</d6p1:x>
              <d6p1:y>-43.21504</d6p1:y>
            </d4p1:ControlPoint>
            <d4p1:StartPoint xmlns:d6p1="http://schemas.datacontract.org/2004/07/System.Drawing">
              <d6p1:x>425.999969</d6p1:x>
              <d6p1:y>27.659338</d6p1:y>
            </d4p1:StartPoint>
          </d4p1:BezierPoint>
        </_x0040_BezierPoints>
        <scrollbar>
          <order>10</order>
          <_x0023_side>0</_x0023_side>
          <line_weight>20</line_weight>
          <slider_image>assets/Horiz.png.imag</slider_image>
          <min_slider_size>0</min_slider_size>
          <normal_RGBA>-1</normal_RGBA>
          <select_RGBA>-1</select_RGBA>
          <_x0023_active>1</_x0023_active>
          <name>page</name>
          <pagesize>80</pagesize>
          <use_scrollBar>1</use_scrollBar>
          <hide_mode>1</hide_mode>
          <default_scroll>0</default_scroll>
        </scrollbar>
        <_x0040_ListNodeSplineSet>
          <Scale>
            <AnchorPoint>
              <Y>0.203539714</Y>
            </AnchorPoint>
            <AnchorPoint>
              <X>0.204225346</X>
              <Y>0.9026548</Y>
            </AnchorPoint>
            <AnchorPoint>
              <X>0.468309879</X>
              <Y>0.99999994</Y>
            </AnchorPoint>
            <AnchorPoint>
              <X>0.503521144</X>
              <Y>1.30088484</Y>
            </AnchorPoint>
            <AnchorPoint>
              <X>0.5316901</X>
              <Y>0.99999994</Y>
            </AnchorPoint>
            <AnchorPoint>
              <X>0.7992958</X>
              <Y>0.9026548</Y>
            </AnchorPoint>
            <AnchorPoint>
              <X>1</X>
              <Y>0.203539714</Y>
            </AnchorPoint>
          </Scale>
          <Rotate>
            <AnchorPoint>
              <Y>90.79641</Y>
            </AnchorPoint>
            <AnchorPoint>
              <X>0.302816868</X>
              <Y>-2.5510788E-05</Y>
            </AnchorPoint>
            <AnchorPoint>
              <X>0.306337982</X>
              <Y>-2.5510788E-05</Y>
            </AnchorPoint>
            <AnchorPoint>
              <X>0.693661869</X>
              <Y>-2.5510788E-05</Y>
            </AnchorPoint>
            <AnchorPoint>
              <X>0.700704157</X>
              <Y>-2.5510788E-05</Y>
            </AnchorPoint>
            <AnchorPoint>
              <X>1</X>
              <Y>-90.79649</Y>
            </AnchorPoint>
          </Rotate>
          <Red>
            <AnchorPoint>
              <Y>1.12827754</Y>
            </AnchorPoint>
            <AnchorPoint>
              <X>0.197183087</X>
              <Y>222.278732</Y>
            </AnchorPoint>
            <AnchorPoint>
              <X>0.496478856</X>
              <Y>256.1283</Y>
            </AnchorPoint>
            <AnchorPoint>
              <X>0.802816868</X>
              <Y>222.278732</Y>
            </AnchorPoint>
            <AnchorPoint>
              <X>1</X>
              <Y>-4.11272049E-05</Y>
            </AnchorPoint>
          </Red>
          <Green>
            <AnchorPoint>
              <Y>-4.11272049E-05</Y>
            </AnchorPoint>
            <AnchorPoint>
              <X>0.204225346</X>
              <Y>220.0221</Y>
            </AnchorPoint>
            <AnchorPoint>
              <X>0.49999997</X>
              <Y>253.871658</Y>
            </AnchorPoint>
            <AnchorPoint>
              <X>0.7992957</X>
              <Y>225.663681</Y>
            </AnchorPoint>
            <AnchorPoint>
              <X>1</X>
              <Y>2.256596</Y>
            </AnchorPoint>
          </Green>
          <Blue>
            <AnchorPoint>
              <Y>2.256596</Y>
            </AnchorPoint>
            <AnchorPoint>
              <X>0.204225346</X>
              <Y>225.663681</Y>
            </AnchorPoint>
            <AnchorPoint>
              <X>0.49999997</X>
              <Y>254.999969</Y>
            </AnchorPoint>
            <AnchorPoint>
              <X>0.7957746</X>
              <Y>224.53537</Y>
            </AnchorPoint>
            <AnchorPoint>
              <X>1</X>
              <Y>1.12827754</Y>
            </AnchorPoint>
          </Blue>
          <Alpha>
            <AnchorPoint>
              <Y>1.12827754</Y>
            </AnchorPoint>
            <AnchorPoint>
              <X>0.0563380234</X>
              <Y>157.964569</Y>
            </AnchorPoint>
            <AnchorPoint>
              <X>0.496478856</X>
              <Y>254.999969</Y>
            </AnchorPoint>
            <AnchorPoint>
              <X>0.9436619</X>
              <Y>157.964569</Y>
            </AnchorPoint>
            <AnchorPoint>
              <X>1</X>
              <Y>-7.898272</Y>
            </AnchorPoint>
          </Alpha>
          <Priority>
            <AnchorPoint />
            <AnchorPoint>
              <X>0.496478856</X>
              <Y>99.99999</Y>
            </AnchorPoint>
            <AnchorPoint>
              <X>1</X>
            </AnchorPoint>
          </Priority>
          <Layout>
            <AnchorPoint />
            <AnchorPoint>
              <X>1</X>
            </AnchorPoint>
          </Layout>
        </_x0040_ListNodeSplineSet>
      </UINode>
    </sub>
    <width>960</width>
    <height>640</height>
    <_x0040_Publishable>true</_x0040_Publishable>
    <_x0040_CommonAssets xmlns:d2p1="http://schemas.microsoft.com/2003/10/Serialization/Arrays">
      <d2p1:string i:nil="true" />
    </_x0040_CommonAssets>
  </RootNode>
  <ServerApiGroup>[ServerAPI]</ServerApiGroup>
  <WindowState>Normal</WindowState>
</KLBUIEditor_Plugin>