﻿<?xml version="1.0" encoding="utf-8"?>
<KLBImageEditor_Plugin id="5a1bbb11-243a-470e-9679-7bb3ce2f4c6d">
  <ProjectPropertyModel>
    <Version>0.2.0</Version>
    <ProjectFile>Horiz.png.xml</ProjectFile>
    <ProjectFileRelativeDir />
    <SaveDate>2012-12-18T19:21:10</SaveDate>
    <EditState>false</EditState>
    <VisibleImage>false</VisibleImage>
    <VisiblePolygon>false</VisiblePolygon>
    <VisibleMask>false</VisibleMask>
    <VisibleBoundBox>false</VisibleBoundBox>
    <VisibleGrid>false</VisibleGrid>
    <VisibleProperty>false</VisibleProperty>
  </ProjectPropertyModel>
  <ContainerPropertyModel />
  <ImageModel>
    <ImgFileSize>1690</ImgFileSize>
    <ImgFileDate>23/10/2012 18:06:09</ImgFileDate>
    <ImgPathName>Horiz.png</ImgPathName>
    <PriorityOffset>0</PriorityOffset>
    <ImageType>Scale9</ImageType>
    <ImageTypeParams>
      <anyType xmlns:q1="http://www.w3.org/2001/XMLSchema" d3p1:type="q1:int" xmlns:d3p1="http://www.w3.org/2001/XMLSchema-instance">14</anyType>
      <anyType xmlns:q2="http://www.w3.org/2001/XMLSchema" d3p1:type="q2:int" xmlns:d3p1="http://www.w3.org/2001/XMLSchema-instance">14</anyType>
      <anyType xmlns:q3="http://www.w3.org/2001/XMLSchema" d3p1:type="q3:int" xmlns:d3p1="http://www.w3.org/2001/XMLSchema-instance">16</anyType>
      <anyType xmlns:q4="http://www.w3.org/2001/XMLSchema" d3p1:type="q4:int" xmlns:d3p1="http://www.w3.org/2001/XMLSchema-instance">12</anyType>
      <anyType xmlns:q5="http://www.w3.org/2001/XMLSchema" d3p1:type="q5:int" xmlns:d3p1="http://www.w3.org/2001/XMLSchema-instance">12</anyType>
      <anyType xmlns:q6="http://www.w3.org/2001/XMLSchema" d3p1:type="q6:int" xmlns:d3p1="http://www.w3.org/2001/XMLSchema-instance">13</anyType>
    </ImageTypeParams>
    <VerticesClockwise>true</VerticesClockwise>
    <Center>
      <X>0</X>
      <Y>0</Y>
    </Center>
    <Width>44</Width>
    <Height>37</Height>
    <BoundingBox>
      <Location>
        <X>0</X>
        <Y>0</Y>
      </Location>
      <Size>
        <Width>44</Width>
        <Height>37</Height>
      </Size>
      <X>0</X>
      <Y>0</Y>
      <Width>44</Width>
      <Height>37</Height>
    </BoundingBox>
    <Vertices>
      <PointF>
        <X>0</X>
        <Y>0</Y>
      </PointF>
      <PointF>
        <X>44</X>
        <Y>0</Y>
      </PointF>
      <PointF>
        <X>44</X>
        <Y>37</Y>
      </PointF>
      <PointF>
        <X>0</X>
        <Y>37</Y>
      </PointF>
    </Vertices>
    <Indices>AAECAw==</Indices>
    <ImgAlphaType>TYPE_ALPHA_8BIT</ImgAlphaType>
    <MaskCompress>true</MaskCompress>
    <MaskX>0</MaskX>
    <MaskY>0</MaskY>
    <MaskWidth>44</MaskWidth>
    <MaskHeight>37</MaskHeight>
    <Mask>BlwB</Mask>
  </ImageModel>
</KLBImageEditor_Plugin>