﻿<?xml version="1.0" encoding="UTF-8"?>
<KLBTextureEditor_Plugin id="f01b1e4f-24b2-4acc-a554-09caebc14949">
  <ProjectPropertyModel>
    <Version>0.1.0</Version>
    <ProjectFile>iconassets.xml</ProjectFile>
    <ProjectFileRelativeDir />
    <SaveDate>2012-06-07T12:32:49</SaveDate>
  </ProjectPropertyModel>
  <ContainerPropertyModel>
    <Width>256</Width>
    <Height>256</Height>
    <PixelFormat>RGBA4444</PixelFormat>
  </ContainerPropertyModel>
  <ArrayOfTextureModel>
    <TextureModel>
      <Pos>
        <X>0</X>
        <Y>0</Y>
      </Pos>
      <Id>0</Id>
      <Name>dragicon.png</Name>
      <IsFlipX>false</IsFlipX>
      <IsFlipY>false</IsFlipY>
      <IsSwitchXY>false</IsSwitchXY>
      <ImgPathName>dragicon.png</ImgPathName>
      <ZOrder>0</ZOrder>
    </TextureModel>
    <TextureModel>
      <Pos>
        <X>104</X>
        <Y>0</Y>
      </Pos>
      <Id>0</Id>
      <Name>dragmark.png</Name>
      <IsFlipX>false</IsFlipX>
      <IsFlipY>false</IsFlipY>
      <IsSwitchXY>false</IsSwitchXY>
      <ImgPathName>dragmark.png</ImgPathName>
      <ZOrder>0</ZOrder>
    </TextureModel>
    <TextureModel>
      <Pos>
        <X>0</X>
        <Y>104</Y>
      </Pos>
      <Id>0</Id>
      <Name>putimg.png</Name>
      <IsFlipX>false</IsFlipX>
      <IsFlipY>false</IsFlipY>
      <IsSwitchXY>false</IsSwitchXY>
      <ImgPathName>putimg.png</ImgPathName>
      <ZOrder>0</ZOrder>
    </TextureModel>
  </ArrayOfTextureModel>
</KLBTextureEditor_Plugin>