﻿<?xml version="1.0" encoding="utf-8"?>
<KLBImageEditor_Plugin id="e0359356-8b5a-4aab-a134-f5780408ef6f">
  <ProjectPropertyModel>
    <Version>0.2.0</Version>
    <ProjectFile>itemMask.png.xml</ProjectFile>
    <ProjectFileRelativeDir />
    <SaveDate>2013-06-26T13:58:12</SaveDate>
    <EditState>false</EditState>
    <VisibleImage>false</VisibleImage>
    <VisiblePolygon>false</VisiblePolygon>
    <VisibleMask>false</VisibleMask>
    <VisibleBoundBox>false</VisibleBoundBox>
    <VisibleGrid>false</VisibleGrid>
    <VisibleProperty>false</VisibleProperty>
  </ProjectPropertyModel>
  <ContainerPropertyModel />
  <ImageModel>
    <isAdditive>false</isAdditive>
    <ImgFileSize>19415</ImgFileSize>
    <ImgFileDate>2013/06/26 13:57:34</ImgFileDate>
    <ImgPathName>itemMask.png</ImgPathName>
    <PriorityOffset>0</PriorityOffset>
    <ImageType>Default</ImageType>
    <ImageTypeParams />
    <VerticesClockwise>true</VerticesClockwise>
    <Center>
      <X>0</X>
      <Y>0</Y>
    </Center>
    <Width>128</Width>
    <Height>128</Height>
    <VertexPostProcessMode>0</VertexPostProcessMode>
    <BoundingBox>
      <Location>
        <X>0</X>
        <Y>0</Y>
      </Location>
      <Size>
        <Width>128</Width>
        <Height>128</Height>
      </Size>
      <X>0</X>
      <Y>0</Y>
      <Width>128</Width>
      <Height>128</Height>
    </BoundingBox>
    <Vertices>
      <PointF>
        <X>0</X>
        <Y>0</Y>
      </PointF>
      <PointF>
        <X>128</X>
        <Y>0</Y>
      </PointF>
      <PointF>
        <X>128</X>
        <Y>128</Y>
      </PointF>
      <PointF>
        <X>0</X>
        <Y>128</Y>
      </PointF>
    </Vertices>
    <Indices>AAECAw==</Indices>
    <ImgAlphaType>TYPE_ALPHA_8BIT</ImgAlphaType>
    <MaskCompress>true</MaskCompress>
    <MaskX>0</MaskX>
    <MaskY>0</MaskY>
    <MaskWidth>128</MaskWidth>
    <MaskHeight>128</MaskHeight>
    <Mask>QAAB</Mask>
  </ImageModel>
</KLBImageEditor_Plugin>