﻿<?xml version="1.0" encoding="utf-8"?>
<KLBImageEditor_Plugin id="d34f5343-974f-4f08-be1f-e47059b94531">
  <ProjectPropertyModel>
    <Version>0.1.0</Version>
    <ProjectFile>itemimage.png.xml</ProjectFile>
    <ProjectFileRelativeDir />
    <SaveDate>2013-09-25T12:42:45</SaveDate>
    <EditState>false</EditState>
    <VisibleImage>false</VisibleImage>
    <VisiblePolygon>false</VisiblePolygon>
    <VisibleMask>false</VisibleMask>
    <VisibleBoundBox>false</VisibleBoundBox>
    <VisibleGrid>false</VisibleGrid>
    <VisibleProperty>false</VisibleProperty>
  </ProjectPropertyModel>
  <ContainerPropertyModel />
  <ImageModel>
    <isAdditive>false</isAdditive>
    <ImgFileSize>50917</ImgFileSize>
    <ImgFileDate>2013/08/26 12:15:42</ImgFileDate>
    <ImgPathName>itemimage.png</ImgPathName>
    <PriorityOffset>0</PriorityOffset>
    <ImageType>Default</ImageType>
    <ImageTypeParams />
    <VerticesClockwise>true</VerticesClockwise>
    <Center>
      <X>0</X>
      <Y>0</Y>
    </Center>
    <Width>273</Width>
    <Height>185</Height>
    <VertexPostProcessMode>0</VertexPostProcessMode>
    <BoundingBox>
      <Location>
        <X>0</X>
        <Y>0</Y>
      </Location>
      <Size>
        <Width>273</Width>
        <Height>185</Height>
      </Size>
      <X>0</X>
      <Y>0</Y>
      <Width>273</Width>
      <Height>185</Height>
    </BoundingBox>
    <Vertices>
      <PointF>
        <X>0</X>
        <Y>0</Y>
      </PointF>
      <PointF>
        <X>273</X>
        <Y>0</Y>
      </PointF>
      <PointF>
        <X>273</X>
        <Y>185</Y>
      </PointF>
      <PointF>
        <X>0</X>
        <Y>185</Y>
      </PointF>
    </Vertices>
    <Indices>AAECAw==</Indices>
    <ImgAlphaType>TYPE_ALPHA_8BIT</ImgAlphaType>
    <MaskCompress>true</MaskCompress>
    <MaskX>0</MaskX>
    <MaskY>0</MaskY>
    <MaskWidth>273</MaskWidth>
    <MaskHeight>185</MaskHeight>
    <Mask>xUkB</Mask>
  </ImageModel>
</KLBImageEditor_Plugin>