﻿<?xml version="1.0" encoding="utf-8"?>
<KLBImageEditor_Plugin id="eeed4d43-8333-4739-aa08-e5d7a9d3b702">
  <ProjectPropertyModel>
    <Version>0.2.0</Version>
    <ProjectFile>change_tex.png.xml</ProjectFile>
    <ProjectFileRelativeDir />
    <SaveDate>2012-11-09T15:01:57</SaveDate>
    <EditState>false</EditState>
    <VisibleImage>false</VisibleImage>
    <VisiblePolygon>false</VisiblePolygon>
    <VisibleMask>false</VisibleMask>
    <VisibleBoundBox>false</VisibleBoundBox>
    <VisibleGrid>false</VisibleGrid>
    <VisibleProperty>false</VisibleProperty>
  </ProjectPropertyModel>
  <ContainerPropertyModel />
  <ImageModel>
    <ImgFileSize>2991</ImgFileSize>
    <ImgFileDate>26/10/2012 15:10:24</ImgFileDate>
    <ImgPathName>change_tex.png</ImgPathName>
    <ImageType>Default</ImageType>
    <ImageTypeParams />
    <VerticesClockwise>true</VerticesClockwise>
    <Center>
      <X>0</X>
      <Y>0</Y>
    </Center>
    <Width>200</Width>
    <Height>150</Height>
    <BoundingBox>
      <Location>
        <X>0</X>
        <Y>0</Y>
      </Location>
      <Size>
        <Width>200</Width>
        <Height>150</Height>
      </Size>
      <X>0</X>
      <Y>0</Y>
      <Width>200</Width>
      <Height>150</Height>
    </BoundingBox>
    <Vertices>
      <PointF>
        <X>0</X>
        <Y>0</Y>
      </PointF>
      <PointF>
        <X>200</X>
        <Y>0</Y>
      </PointF>
      <PointF>
        <X>200</X>
        <Y>150</Y>
      </PointF>
      <PointF>
        <X>0</X>
        <Y>150</Y>
      </PointF>
    </Vertices>
    <Indices>AAECAw==</Indices>
    <ImgAlphaType>TYPE_ALPHA_8BIT</ImgAlphaType>
    <MaskCompress>true</MaskCompress>
    <MaskX>0</MaskX>
    <MaskY>0</MaskY>
    <MaskWidth>200</MaskWidth>
    <MaskHeight>150</MaskHeight>
    <Mask>dTAB</Mask>
  </ImageModel>
</KLBImageEditor_Plugin>