﻿<?xml version="1.0" encoding="UTF-8"?>
<KLBTextureEditor_Plugin id="2323b9c1-7c67-48f3-b513-39fa253beaa1">
  <ProjectPropertyModel>
    <Version>0.1.0</Version>
    <ProjectFile>scr_bar.xml</ProjectFile>
    <ProjectFileRelativeDir />
    <SaveDate>2012-09-18T18:58:14</SaveDate>
  </ProjectPropertyModel>
  <ContainerPropertyModel>
    <Width>512</Width>
    <Height>256</Height>
    <PixelFormat>RGBA8888</PixelFormat>
  </ContainerPropertyModel>
  <ArrayOfTextureModel>
    <TextureModel>
      <Pos>
        <X>0</X>
        <Y>0</Y>
      </Pos>
      <Id>0</Id>
      <Name>scrbar.png</Name>
      <IsFlipX>false</IsFlipX>
      <IsFlipY>false</IsFlipY>
      <IsSwitchXY>false</IsSwitchXY>
      <ImgPathName>scrbar.png</ImgPathName>
      <ZOrder>0</ZOrder>
    </TextureModel>
    <TextureModel>
      <Pos>
        <X>32</X>
        <Y>0</Y>
      </Pos>
      <Id>0</Id>
      <Name>test_tex.png</Name>
      <IsFlipX>false</IsFlipX>
      <IsFlipY>false</IsFlipY>
      <IsSwitchXY>false</IsSwitchXY>
      <ImgPathName>test_tex.png</ImgPathName>
      <ZOrder>0</ZOrder>
    </TextureModel>
    <TextureModel>
      <Pos>
        <X>240</X>
        <Y>0</Y>
      </Pos>
      <Id>0</Id>
      <Name>change_tex.png</Name>
      <IsFlipX>false</IsFlipX>
      <IsFlipY>false</IsFlipY>
      <IsSwitchXY>false</IsSwitchXY>
      <ImgPathName>change_tex.png</ImgPathName>
      <ZOrder>0</ZOrder>
    </TextureModel>
  </ArrayOfTextureModel>
</KLBTextureEditor_Plugin>