﻿<?xml version="1.0" encoding="utf-8"?>
<KLBImageEditor_Plugin id="2106493d-58d4-4934-bcd6-d9c21ed785cc">
  <ProjectPropertyModel>
    <Version>0.1.0</Version>
    <ProjectFile>Char.png.xml</ProjectFile>
    <ProjectFileRelativeDir />
    <SaveDate>2013-09-25T15:31:35</SaveDate>
    <EditState>false</EditState>
    <VisibleImage>false</VisibleImage>
    <VisiblePolygon>false</VisiblePolygon>
    <VisibleMask>false</VisibleMask>
    <VisibleBoundBox>false</VisibleBoundBox>
    <VisibleGrid>false</VisibleGrid>
    <VisibleProperty>false</VisibleProperty>
  </ProjectPropertyModel>
  <ContainerPropertyModel />
  <ImageModel>
    <isAdditive>false</isAdditive>
    <ImgFileSize>1876</ImgFileSize>
    <ImgFileDate>2013/08/26 13:32:12</ImgFileDate>
    <ImgPathName>Char.png</ImgPathName>
    <PriorityOffset>0</PriorityOffset>
    <ImageType>Default</ImageType>
    <ImageTypeParams />
    <VerticesClockwise>true</VerticesClockwise>
    <Center>
      <X>0</X>
      <Y>0</Y>
    </Center>
    <Width>24</Width>
    <Height>32</Height>
    <VertexPostProcessMode>0</VertexPostProcessMode>
    <BoundingBox>
      <Location>
        <X>0</X>
        <Y>0</Y>
      </Location>
      <Size>
        <Width>24</Width>
        <Height>32</Height>
      </Size>
      <X>0</X>
      <Y>0</Y>
      <Width>24</Width>
      <Height>32</Height>
    </BoundingBox>
    <Vertices>
      <PointF>
        <X>0</X>
        <Y>0</Y>
      </PointF>
      <PointF>
        <X>24</X>
        <Y>0</Y>
      </PointF>
      <PointF>
        <X>24</X>
        <Y>32</Y>
      </PointF>
      <PointF>
        <X>0</X>
        <Y>32</Y>
      </PointF>
    </Vertices>
    <Indices>AAECAw==</Indices>
    <ImgAlphaType>TYPE_ALPHA_8BIT</ImgAlphaType>
    <MaskCompress>true</MaskCompress>
    <MaskX>0</MaskX>
    <MaskY>0</MaskY>
    <MaskWidth>24</MaskWidth>
    <MaskHeight>32</MaskHeight>
    <Mask>AwAB</Mask>
  </ImageModel>
</KLBImageEditor_Plugin>