﻿<?xml version="1.0" encoding="utf-8"?>
<KLBTextureEditor_Plugin id="4d4a30a8-3e9f-4cb4-a4d3-193410c6f169">
  <ProjectPropertyModel>
    <Version>0.1.0</Version>
    <ProjectFile>texture.xml</ProjectFile>
    <ProjectFileRelativeDir />
    <SaveDate>2013-06-26T16:22:42</SaveDate>
    <EditState>true</EditState>
    <ContainerScale>1</ContainerScale>
    <ContainerSnap>8</ContainerSnap>
    <VisibleGrid>true</VisibleGrid>
    <VisibleBoundaryLine>true</VisibleBoundaryLine>
    <VisibleImage>true</VisibleImage>
    <VisibleMask>false</VisibleMask>
    <VisiblePolygon>false</VisiblePolygon>
    <VisibleProperty>true</VisibleProperty>
    <VisibleBoundBox>false</VisibleBoundBox>
    <VisibleCenterPoint>false</VisibleCenterPoint>
    <Comment />
  </ProjectPropertyModel>
  <ContainerPropertyModel>
    <Width>64</Width>
    <Height>64</Height>
    <PixelFormat>RGBA4444</PixelFormat>
    <usePremultiply>false</usePremultiply>
  </ContainerPropertyModel>
  <ArrayOfTextureModel>
    <TextureModel>
      <Pos>
        <X>8</X>
        <Y>8</Y>
      </Pos>
      <Id>0</Id>
      <Name>Char.png</Name>
      <IsFlipX>false</IsFlipX>
      <IsFlipY>false</IsFlipY>
      <IsSwitchXY>false</IsSwitchXY>
      <ImgPathName>Char.png</ImgPathName>
      <ZOrder>0</ZOrder>
    </TextureModel>
  </ArrayOfTextureModel>
  <ArrayOfT3DModel />
</KLBTextureEditor_Plugin>